{"name":"StaBanca","conti":[{"nome":"Iana","cognome":"surnamea","movimenti":[{"date":61533431345797,"causale":"accredito"},{"date":61515649385134,"causale":"accredito"},{"date":61529721725385,"causale":"accredito"},{"date":61509567462360,"causale":"bollettino"},{"date":61508926235525,"causale":"accredito"},{"date":61512051919881,"causale":"bonifico"},{"date":61544065861493,"causale":"f24"}]},{"nome":"Ianb","cognome":"surnameb","movimenti":[{"date":61559217269241,"causale":"bollettino"},{"date":61553497699658,"causale":"bonifico"}]},{"nome":"Ianc","cognome":"surnamec","movimenti":[{"date":61535613414850,"causale":"f24"},{"date":61512247822725,"causale":"bonifico"},{"date":61511508237144,"causale":"f24"},{"date":61514343591226,"causale":"pagobancomat"}]},{"nome":"Iand","cognome":"surnamed","movimenti":[{"date":61521696397423,"causale":"f24"},{"date":61557369890497,"causale":"bollettino"}]},{"nome":"Iane","cognome":"surnamee","movimenti":[{"date":61523974962708,"causale":"accredito"},{"date":61510042822395,"causale":"bollettino"},{"date":61516821805870,"causale":"bollettino"}]},{"nome":"Ianf","cognome":"surnamef","movimenti":[{"date":61532340580561,"causale":"f24"},{"date":61537727553205,"causale":"bollettino"},{"date":61514089879266,"causale":"pagobancomat"},{"date":61512542628253,"causale":"accredito"},{"date":61557316630635,"causale":"bonifico"},{"date":61549769865547,"causale":"f24"}]},{"nome":"Iang","cognome":"surnameg","movimenti":[{"date":61564285002793,"causale":"pagobancomat"},{"date":61534246619542,"causale":"pagobancomat"},{"date":61510857632737,"causale":"accredito"},{"date":61547041853480,"causale":"accredito"}]},{"nome":"Ianh","cognome":"surnameh","movimenti":[{"date":61507432523514,"causale":"f24"},{"date":61551556464726,"causale":"pagobancomat"},{"date":61535701377431,"causale":"bonifico"}]},{"nome":"Iani","cognome":"surnamei","movimenti":[{"date":61536055435481,"causale":"pagobancomat"},{"date":61567601707578,"causale":"bollettino"},{"date":61541152120580,"causale":"f24"},{"date":61543895426478,"causale":"bollettino"},{"date":61558478118841,"causale":"bonifico"},{"date":61555315713953,"causale":"accredito"}]},{"nome":"Ianj","cognome":"surnamej","movimenti":[{"date":61551818774211,"causale":"bonifico"},{"date":61552601096079,"causale":"accredito"},{"date":61540109313917,"causale":"bollettino"},{"date":61559250408118,"causale":"pagobancomat"}]},{"nome":"Iank","cognome":"surnamek","movimenti":[{"date":61532734562540,"causale":"bollettino"},{"date":61531839335095,"causale":"accredito"},{"date":61531024164298,"causale":"f24"},{"date":61562793204311,"causale":"f24"},{"date":61569590249150,"causale":"bonifico"},{"date":61562901125434,"causale":"f24"}]},{"nome":"Ianl","cognome":"surnamel","movimenti":[{"date":61508297914973,"causale":"pagobancomat"},{"date":61548213425175,"causale":"f24"},{"date":61555533759081,"causale":"f24"},{"date":61561029868425,"causale":"pagobancomat"},{"date":61561161626280,"causale":"accredito"},{"date":61566605076756,"causale":"accredito"}]},{"nome":"Ianm","cognome":"surnamem","movimenti":[{"date":61525202056296,"causale":"pagobancomat"},{"date":61542545700430,"causale":"f24"},{"date":61530844149342,"causale":"bonifico"}]},{"nome":"Iann","cognome":"surnamen","movimenti":[{"date":61538211361561,"causale":"bonifico"},{"date":61543878577868,"causale":"accredito"},{"date":61558384962152,"causale":"bollettino"},{"date":61543852532489,"causale":"bollettino"},{"date":61524833627471,"causale":"f24"}]},{"nome":"Iano","cognome":"surnameo","movimenti":[{"date":61561084466141,"causale":"accredito"},{"date":61540354748878,"causale":"f24"},{"date":61528980733440,"causale":"pagobancomat"},{"date":61530915974321,"causale":"f24"},{"date":61512710926666,"causale":"bonifico"}]},{"nome":"Ianp","cognome":"surnamep","movimenti":[{"date":61564488568713,"causale":"accredito"},{"date":61521467748213,"causale":"bollettino"},{"date":61556566312819,"causale":"f24"},{"date":61563571578763,"causale":"f24"},{"date":61530248931145,"causale":"accredito"},{"date":61549485331706,"causale":"f24"},{"date":61559489390076,"causale":"bonifico"}]}]}